Customer ID,Full Name,CNIC,Account Number,Account Open Date,Occupation / Source of Income
CUST0001,Allison Hill,42755-151419610-5,AC3138181,8/9/2025,Teacher
CUST0002,Noah Rhodes,42351-293341057-2,AC1701771,4/8/2021,Freelancer
CUST0003,Angie Henderson,42793-952458591-7,AC6171716,2/8/2024,Housewife
CUST0004,Daniel Wagner,42133-42571945-4,AC7117837,12/1/2025,Housewife
CUST0005,Cristian Santos,42339-651445199-9,AC1669324,8/30/2025,Student
CUST0006,Emma Johnson,42671-234561239-3,AC7891234,11/12/2023,Business
CUST0007,Liam Smith,42521-654123987-1,AC3456789,7/5/2022,Engineer
CUST0008,Olivia Brown,42877-987654321-6,AC5678901,3/14/2024,Teacher
CUST0009,Ethan Davis,42213-345678901-2,AC2345678,9/20/2021,Student
CUST0010,Ava Miller,42721-876543219-5,AC6789012,1/25/2023,Doctor
CUST0011,Mason Lee,42445-123456789-1,AC1234567,12/15/2020,Business
CUST0012,Sophia Wilson,42611-987654321-2,AC2345678,6/18/2022,Teacher
CUST0013,James Taylor,42333-456789123-3,AC3456789,3/10/2021,Engineer
CUST0014,Isabella Anderson,42719-567891234-4,AC4567890,9/22/2023,Student
CUST0015,Benjamin Thomas,42577-678912345-5,AC5678901,2/5/2024,Doctor
CUST0016,Charlotte Moore,42299-789123456-6,AC6789012,7/14/2020,Freelancer
CUST0017,Lucas Martin,42731-891234567-7,AC7890123,1/9/2025,Business
CUST0018,Amelia Jackson,42355-912345678-8,AC8901234,4/17/2023,Teacher
CUST0019,Alexander White,42623-123987456-9,AC9012345,11/30/2022,Engineer
CUST0020,Evelyn Harris,42411-234567891-1,AC1230987,8/25/2021,Housewife
CUST0021,Henry Lewis,42519-876543210-2,AC2345679,5/12/2024,Business
CUST0022,Abigail Young,42677-345612789-3,AC3456780,11/19/2020,Teacher
CUST0023,William King,42323-987654321-4,AC4567891,7/1/2023,Engineer
CUST0024,Mia Wright,42721-654321987-5,AC5678902,2/16/2025,Student
CUST0025,Oliver Scott,42535-123987456-6,AC6789013,10/8/2021,Doctor
CUST0026,Sofia Green,42289-456123789-7,AC7890124,3/23/2022,Freelancer
CUST0027,Jackson Adams,42743-789456123-8,AC8901235,8/30/2024,Business
CUST0028,Emily Baker,42361-321987654-9,AC9012346,5/10/2023,Teacher
CUST0029,Liam Nelson,42635-654789123-1,AC1230988,1/2/2025,Engineer
CUST0030,Chloe Carter,42419-987123456-2,AC2340989,12/11/2021,Student
CUST0031,Aiden Mitchell,42709-456987123-3,AC3450990,6/30/2022,Doctor
CUST0032,Grace Perez,42527-789321654-4,AC4560991,2/20/2024,Freelancer
CUST0033,Ethan Roberts,42331-123654987-5,AC5670992,8/15/2020,Business
CUST0034,Lily Turner,42621-456321789-6,AC6780993,5/5/2025,Teacher
CUST0035,Noah Phillips,42711-789654123-7,AC7890994,9/18/2023,Engineer
CUST0036,Harper Campbell,42349-321987456-8,AC8900995,3/27/2021,Student
CUST0037,Mason Parker,42619-654123789-9,AC9010996,11/12/2022,Doctor
CUST0038,Avery Evans,42415-987456321-1,AC1230997,6/2/2024,Freelancer
CUST0039,James Edwards,42707-123987654-2,AC2340998,9/19/2020,Business
CUST0040,Ella Collins,42513-456789123-3,AC3450999,4/8/2025,Teacher
CUST0041,Alexander Stewart,42327-789123456-4,AC4561000,2/14/2023,Engineer
CUST0042,Sofia Sanchez,42609-321654987-5,AC5671001,7/25/2021,Student
CUST0043,Liam Morris,42705-654987321-6,AC6781002,5/12/2022,Doctor
CUST0044,Charlotte Rogers,42407-987321654-7,AC7891003,10/30/2020,Freelancer
CUST0045,James Reed,42501-123456789-8,AC8901004,12/5/2024,Business
CUST0046,Amelia Cook,42317-987654321-9,AC9011005,6/21/2021,Teacher
CUST0047,Benjamin Morgan,42603-456789123-1,AC1231006,3/15/2023,Engineer
CUST0048,Evelyn Bell,42701-321987654-2,AC2341007,1/28/2025,Student
CUST0049,Lucas Murphy,42403-654123987-3,AC3451008,8/19/2022,Doctor
CUST0050,Chloe Bailey,42500-987321456-4,AC4561009,11/2/2024,Freelancer
CUST0051,Henry Rivera,42305-123789456-5,AC5671010,9/14/2021,Business
CUST0052,Abigail Cooper,42601-456987123-6,AC6781011,4/7/2023,Teacher
CUST0053,William Richardson,42700-789123654-7,AC7891012,6/19/2025,Engineer
CUST0054,Mia Cox,42401-321654789-8,AC8901013,12/29/2020,Student
CUST0055,Oliver Howard,42599-654789321-9,AC9011014,1/10/2022,Doctor
CUST0056,Sofia Ward,42303-987456123-1,AC1231015,7/22/2023,Freelancer
CUST0057,Jackson Torres,42697-123654987-2,AC2341016,3/18/2024,Business
CUST0058,Emily Peterson,42799-456321789-3,AC3451017,5/27/2021,Teacher
CUST0059,Liam Gray,42497-789654123-4,AC4561018,11/12/2020,Engineer
CUST0060,Chloe Ramirez,42595-321987456-5,AC5671019,8/5/2023,Student
CUST0061,Aiden James,42301-654123987-6,AC6781020,2/14/2022,Doctor
CUST0062,Grace Watson,42695-987321654-7,AC7891021,9/21/2025,Freelancer
CUST0063,Ethan Brooks,42797-123987456-8,AC8901022,4/8/2020,Business
CUST0064,Lily Kelly,42493-456789123-9,AC9011023,12/11/2021,Teacher
CUST0065,Noah Sanders,42591-789123456-1,AC1231024,6/4/2023,Engineer
CUST0066,Harper Price,42311-321654987-2,AC2341025,8/17/2024,Student
CUST0067,Mason Bennett,42689-654987321-3,AC3451026,10/22/2022,Doctor
CUST0068,Avery Wood,42795-987456123-4,AC4561027,3/15/2021,Freelancer
CUST0069,James Barnes,42487-123456789-5,AC5671028,2/28/2025,Business
CUST0070,Ella Ross,42585-456789123-6,AC6781029,9/10/2023,Teacher
CUST0071,Alexander Henderson,42313-789123456-7,AC7891030,7/5/2020,Engineer
CUST0072,Sofia Coleman,42687-321654987-8,AC8901031,12/19/2022,Student
CUST0073,Liam Jenkins,42793-654987321-9,AC9011032,4/14/2025,Doctor
CUST0074,Charlotte Perry,42481-987321654-1,AC1231033,11/2/2021,Freelancer
CUST0075,James Powell,42583-123987456-2,AC2341034,3/8/2023,Business
CUST0076,Amelia Long,42309-456321789-3,AC3451035,5/20/2024,Teacher
CUST0077,Benjamin Patterson,42681-789654123-4,AC4561036,6/30/2022,Engineer
CUST0078,Evelyn Hughes,42791-321987654-5,AC5671037,8/15/2025,Student
CUST0079,Lucas Flores,42479-654123987-6,AC6781038,9/19/2020,Doctor
CUST0080,Chloe Washington,42579-987321456-7,AC7891039,12/28/2023,Freelancer
CUST0081,Henry Butler,42305-123654987-8,AC8901040,2/10/2021,Business
CUST0082,Abigail Simmons,42677-456987123-9,AC9011041,1/15/2024,Teacher
CUST0083,William Foster,42705-789123654-1,AC1231042,7/23/2022,Engineer
CUST0084,Mia Gonzales,42403-321654789-2,AC2341043,11/29/2020,Student
CUST0085,Oliver Bryant,42501-654789321-3,AC3451044,4/12/2023,Doctor
CUST0086,Sofia Alexander,42311-987456123-4,AC4561045,2/7/2025,Freelancer
CUST0087,Jackson Russell,42699-123654987-5,AC5671046,6/21/2021,Business
CUST0088,Emily Griffin,42703-456321789-6,AC6781047,8/30/2022,Teacher
CUST0089,Liam Diaz,42401-789654123-7,AC7891048,12/11/2020,Engineer
CUST0090,Chloe Hayes,42597-321987456-8,AC8901049,7/19/2024,Student
CUST0091,Aiden Myers,42309-654123987-9,AC9011050,3/5/2021,Doctor
CUST0092,Grace Ford,42693-987321654-1,AC1231051,9/28/2023,Freelancer
CUST0093,Ethan Hamilton,42795-123987456-2,AC2341052,5/14/2025,Business
CUST0094,Lily Graham,42489-456789123-3,AC3451053,10/20/2020,Teacher
CUST0095,Noah Sullivan,42587-789123456-4,AC4561054,3/17/2022,Engineer
CUST0096,Harper Wallace,42313-321654987-5,AC5671055,8/5/2023,Student
CUST0097,Mason West,42685-654987321-6,AC6781056,1/28/2025,Doctor
CUST0098,Avery Cole,42789-987456123-7,AC7891057,12/10/2021,Freelancer
CUST0099,James Jordan,42477-123456789-8,AC8901058,11/15/2024,Business
CUST0100,Ella Owens,42581-456789123-9,AC9011059,6/4/2022,Teacher
